#,Name,Team,GS,G,IP,ER,HR,SO,BB,HR/9,WHIP,ERA,ADP
1,Paul Skenes,PIT,30,30,185,58,15,217,46,0.74,1.02,2.81,9.6
2,Tarik Skubal,DET,29,29,188,59,20,228,39,0.94,0.96,2.82,7
3,Logan Webb,SFG,30,30,195.1,71,14,185,46,0.66,1.16,3.26,57.2
4,Garrett Crochet,BOS,29,29,183,64,21,222,45,1.02,1.05,3.15,12.2
5,Cristopher Sánchez,PHI,29,29,188,69,16,184,47,0.78,1.15,3.3,24.8
6,Bryan Woo,SEA,29,29,183.1,67,24,186,35,1.16,1.01,3.31,34.8
7,Logan Gilbert,SEA,28,28,167.2,64,22,197,39,1.18,1.04,3.42,37.2
8,Cole Ragans,KCR,26,26,155.2,59,17,196,56,1,1.14,3.38,48.2
9,Chris Sale,ATL,26,26,157,63,18,193,45,1.02,1.13,3.63,39.4
10,Yoshinobu Yamamoto,LAD,26,26,161,59,15,176,49,0.85,1.13,3.27,26.6
11,Jesús Luzardo,PHI,29,29,176,73,21,197,56,1.09,1.19,3.74,70.6
12,Hunter Brown,HOU,29,29,179,71,19,194,61,0.97,1.18,3.58,36.2
13,George Kirby,SEA,28,28,166,67,20,161,33,1.11,1.1,3.66,64.6
14,Max Fried,NYY,29,29,180.1,66,17,169,57,0.84,1.16,3.3,50
15,Joe Ryan,MIN,28,28,168,70,25,185,40,1.36,1.07,3.77,78.5
16,Dylan Cease,TOR,29,29,169,70,22,203,63,1.18,1.18,3.73,74.8
17,Framber Valdez,DET,29,29,185,76,17,168,64,0.82,1.24,3.67,81.1
18,Zack Wheeler,PHI,21,21,130,48,16,152,38,1.07,1.08,3.31,110.5
19,Ranger Suarez,BOS,27,27,164.2,68,17,142,46,0.94,1.21,3.72,184
20,Freddy Peralta,NYM,29,29,164.2,68,22,182,61,1.2,1.16,3.71,56.4
21,Jacob deGrom,TEX,26,26,158,65,24,173,41,1.34,1.06,3.7,50
22,Sonny Gray,BOS,28,28,168,74,23,172,46,1.25,1.18,3.99,138.1
23,Spencer Strider,ATL,26,26,156,72,21,183,52,1.22,1.22,4.13,124.9
24,MacKenzie Gore,TEX,28,28,158.1,71,20,181,59,1.13,1.25,4.03,164.8
25,Tanner Bibee,CLE,29,29,174.2,78,24,157,50,1.22,1.2,4.04,188.6
26,Brandon Woodruff,MIL,24,24,141.2,58,20,150,39,1.3,1.09,3.71,143.8
27,Matthew Boyd,CHC,27,27,159.1,69,22,146,45,1.22,1.17,3.91,212.8
28,Jack Flaherty,DET,28,28,159,72,23,176,50,1.31,1.21,4.08,209
29,Nathan Eovaldi,TEX,25,25,153.1,65,20,149,41,1.17,1.15,3.81,132.5
30,Eury Pérez,MIA,27,27,144.1,62,21,157,47,1.29,1.14,3.87,78.7
31,Kris Bubic,KCR,24,29,138,60,15,136,45,0.98,1.26,3.91,190.7
32,Michael King,SDP,27,27,156.1,70,20,156,54,1.16,1.24,4,129.6
33,Kevin Gausman,TOR,29,29,178.1,88,27,172,55,1.35,1.25,4.42,112.9
34,Sandy Alcantara,MIA,28,28,177,81,20,138,53,1.04,1.25,4.14,144.6
35,Luis Castillo,SEA,28,28,172.1,80,25,157,50,1.31,1.21,4.19,171.1
36,Drew Rasmussen,TBR,28,28,152.2,67,19,132,40,1.13,1.19,3.95,132.4
37,Nick Pivetta,SDP,28,28,166.2,76,27,174,49,1.47,1.17,4.12,96
38,Kyle Bradish,BAL,25,25,140.1,59,17,149,48,1.1,1.21,3.77,73
39,Shohei Ohtani,LAD,22,22,113.1,44,13,135,40,1.05,1.15,3.48,1.3
40,Mitch Keller,PIT,30,30,176.1,93,23,152,54,1.16,1.34,4.72,518.6
41,Chase Burns,CIN,22,28,124.2,53,18,147,39,1.28,1.16,3.85,109.7
42,Blake Snell,LAD,21,21,122,52,14,145,50,1.06,1.23,3.82,178.4
43,Emmet Sheehan,LAD,23,33,133.2,57,19,156,47,1.26,1.16,3.81,111.2
44,Nolan McLean,NYM,26,26,152.2,66,17,142,54,1.02,1.26,3.91,87.3
45,David Peterson,NYM,28,28,160.2,77,17,141,59,0.93,1.38,4.3,452
46,Nick Lodolo,CIN,27,27,152.2,71,22,153,42,1.27,1.21,4.16,127.9
47,Aaron Nola,PHI,27,27,164.2,79,25,159,48,1.39,1.24,4.31,205.5
48,Braxton Ashcraft,PIT,22,36,133.1,61,14,122,41,0.97,1.26,4.09,239.4
49,Tyler Glasnow,LAD,22,22,129.1,57,18,146,47,1.22,1.2,3.98,113.7
50,Trevor Rogers,BAL,26,26,152,72,19,135,52,1.14,1.29,4.24,146.1
51,Cody Ponce,TOR,22,33,136.2,62,20,156,46,1.32,1.22,4.09,250
52,José Soriano,LAA,29,29,171,76,16,145,72,0.85,1.36,4,321.8
53,Shane Baz,BAL,28,28,157,73,22,152,56,1.28,1.25,4.17,186.9
54,Gavin Williams,CLE,28,28,163,76,21,165,71,1.15,1.32,4.21,144.7
55,Robbie Ray,SFG,29,29,170,83,26,181,70,1.39,1.31,4.41,166.4
56,Edward Cabrera,CHC,24,24,135.1,60,16,142,53,1.1,1.23,3.99,174.7
57,Bubba Chandler,PIT,25,31,143.1,68,18,134,49,1.12,1.29,4.25,150
58,Andrew Abbott,CIN,28,28,164.2,81,26,146,52,1.44,1.25,4.43,221.9
59,Ryne Nelson,ARI,27,32,157.1,78,22,130,42,1.27,1.26,4.47,251.4
60,Michael Wacha,KCR,28,28,163.1,82,23,122,50,1.26,1.29,4.5,609.3
61,Joey Cantillo,CLE,20,40,129.1,55,14,139,55,1,1.28,3.84,270.8
62,Brandon Pfaadt,ARI,28,28,162.2,85,25,138,38,1.41,1.28,4.71,588.6
63,Merrill Kelly,ARI,26,26,158.1,78,23,136,47,1.31,1.26,4.43,284.2
64,Matthew Liberatore,STL,28,28,151.1,77,20,121,44,1.21,1.3,4.61,410.2
65,Zac Gallen,ARI,29,29,175.2,88,24,157,60,1.25,1.31,4.5,222.7
66,Reynaldo López,ATL,23,29,130.1,65,17,131,48,1.15,1.31,4.49,302.9
67,Bailey Ober,MIN,27,27,158,78,28,139,41,1.57,1.2,4.46,494.3
68,Michael McGreevy,STL,24,28,137.2,64,16,92,32,1.02,1.27,4.2,715.4
69,Casey Mize,DET,26,26,145.2,69,20,121,39,1.25,1.23,4.26,289.6
70,Noah Cameron,KCR,26,26,150.2,75,22,131,49,1.29,1.31,4.46,298
71,Chad Patrick,MIL,26,26,140.1,69,23,132,42,1.44,1.24,4.39,288.6
72,Shota Imanaga,CHC,26,26,154.1,72,29,144,36,1.66,1.14,4.2,157.9
73,Jacob Misiorowski,MIL,25,30,139,63,18,158,67,1.17,1.3,4.08,114.1
74,Landen Roupp,SFG,23,27,120.2,55,12,109,47,0.92,1.34,4.1,690.1
75,Clay Holmes,NYM,27,29,150.1,68,15,115,56,0.88,1.33,4.05,330.6
76,Taj Bradley,MIN,24,30,139,67,19,128,49,1.25,1.29,4.32,492.5
77,Carlos Rodón,NYY,24,24,140,65,21,146,53,1.36,1.22,4.2,202.3
78,Sean Manaea,NYM,20,36,125.2,57,18,133,44,1.29,1.23,4.11,423.4
79,Shane Smith,CHW,28,28,157,79,23,147,55,1.29,1.3,4.51,245.5
80,Shane McClanahan,TBR,19,19,109.1,49,16,114,31,1.28,1.22,4.03,183
81,Cam Schlittler,NYY,24,24,131.2,63,17,130,50,1.18,1.29,4.27,116.6
82,Simeon Woods Richardson,MIN,26,30,139,69,19,124,50,1.24,1.29,4.47,664
83,Cade Horton,CHC,23,23,128,58,17,109,39,1.19,1.21,4.1,177.7
84,Reid Detmers,LAA,23,31,136.2,68,21,151,50,1.37,1.3,4.47,350.5
85,Trey Yesavage,TOR,20,25,108.1,46,15,123,40,1.24,1.18,3.8,194.3
86,Kodai Senga,NYM,23,30,134.2,63,17,134,62,1.11,1.33,4.2,223.5
87,Tyler Mahle,SFG,23,23,129.2,62,16,104,41,1.13,1.3,4.28,322.7
88,Foster Griffin,WSN,22,28,130,63,17,121,46,1.15,1.31,4.35,999
89,Parker Messick,CLE,23,23,123,60,16,113,39,1.2,1.3,4.35,294.2
90,Ryan Pepiot,TBR,30,30,167,84,28,165,62,1.51,1.27,4.51,129.1
91,Joe Musgrove,SDP,21,21,120.2,56,18,112,32,1.31,1.2,4.19,385.6
92,Dustin May,STL,24,29,142.2,71,17,121,53,1.07,1.32,4.51,414.7
93,Jack Leiter,TEX,29,29,163.1,82,25,154,64,1.38,1.3,4.54,230.7
94,Brady Singer,CIN,29,29,167,88,25,150,56,1.35,1.34,4.75,388.3
95,Chris Bassitt,BAL,29,32,167.1,86,24,143,61,1.29,1.33,4.61,359.4
96,Tatsuya Imai,HOU,26,26,151,74,21,152,64,1.27,1.32,4.43,999
97,Gerrit Cole,NYY,19,19,112.2,51,18,112,33,1.4,1.17,4.07,232.9
98,Cade Cavalli,WSN,24,24,135.1,67,16,110,47,1.09,1.34,4.45,305.2
99,Jacob Lopez,ATH,23,23,126.1,62,20,137,49,1.41,1.28,4.41,409.2
100,Quinn Priester,MIL,20,20,117.1,53,14,93,34,1.07,1.24,4.06,592.1
101,Brayan Bello,BOS,27,27,156,76,19,121,56,1.09,1.35,4.36,421.4
102,Braxton Garrett,MIA,17,23,100.1,46,13,91,24,1.13,1.23,4.12,604.1
103,Grayson Rodriguez,LAA,17,17,96.2,44,13,101,30,1.21,1.23,4.05,397.1
104,Zebby Matthews,MIN,18,28,105.1,50,16,103,26,1.35,1.23,4.29,488.6
105,Mike Burrows,HOU,24,29,130,63,20,130,43,1.42,1.24,4.33,237.9
106,Justin Steele,CHC,13,13,72.2,28,7,68,18,0.89,1.13,3.43,605.5
107,Eduardo Rodriguez,ARI,23,27,131,68,18,115,49,1.23,1.38,4.69,738.2
108,Adrian Houser,SFG,25,25,141,70,16,98,50,0.99,1.38,4.44,743.2
109,Grant Holmes,ATL,22,32,132.1,66,19,136,48,1.28,1.33,4.51,369.5
110,Bryce Miller,SEA,25,25,141,69,22,122,42,1.42,1.23,4.42,341.6
111,Grant Taylor,CHW,2,66,80,27,6,94,28,0.65,1.11,2.99,506.7
112,Yusei Kikuchi,LAA,29,29,168,90,29,163,59,1.56,1.36,4.8,506.6
113,Zack Littell,WSN,25,26,144.1,74,24,104,32,1.47,1.25,4.59,709.4
114,Jameson Taillon,CHC,25,25,145.2,72,24,109,36,1.5,1.21,4.48,504.5
115,Zach Eflin,BAL,25,29,145.2,73,24,106,30,1.48,1.24,4.54,395.2
116,Will Warren,NYY,21,34,121.1,58,17,118,43,1.23,1.3,4.3,285
117,Max Meyer,MIA,23,27,127.2,62,18,113,42,1.29,1.3,4.39,281.5
118,Ryan Weathers,NYY,21,31,122,57,18,114,41,1.29,1.27,4.21,232.6
119,Andrew Painter,PHI,18,26,105,51,15,95,30,1.29,1.26,4.34,999
120,Ian Seymour,TBR,15,36,107.2,49,15,107,35,1.23,1.23,4.11,521.1
121,Spencer Schwellenbach,ATL,11,11,62.2,25,7,61,13,1.02,1.12,3.61,743.2
122,Shane Bieber,TOR,15,19,93.1,42,13,89,24,1.28,1.19,4.01,474
123,Jared Jones,PIT,15,18,82,37,11,84,25,1.19,1.23,4.11,714.8
124,Mason Miller,SDP,0,60,64.1,19,6,95,24,0.85,1,2.62,27.9
125,Roki Sasaki,LAD,18,30,106.2,51,13,99,40,1.1,1.3,4.29,289.7
126,Hunter Barco,PIT,11,33,83,35,8,80,32,0.81,1.27,3.78,999
127,Slade Cecconi,CLE,27,27,151.1,80,27,121,38,1.58,1.27,4.78,584.6
128,Kyle Harrison,MIL,17,26,97,45,13,100,36,1.24,1.26,4.21,446.6
129,Andre Pallante,STL,23,28,129.2,63,13,86,49,0.88,1.38,4.4,999
130,Logan Henderson,MIL,14,24,83.2,37,14,90,23,1.5,1.13,4.01,413.4
131,Cade Smith,CLE,0,66,68.1,24,5,87,22,0.72,1.1,3.11,39.9
132,Jeffrey Springs,ATH,28,28,160.2,91,29,137,55,1.61,1.37,5.08,722.3
133,Seth Lugo,KCR,26,26,156.1,85,25,128,51,1.43,1.35,4.86,493.1
134,Nick Martinez,TBR,22,38,141.1,75,22,105,37,1.42,1.3,4.78,738.3
135,Justin Verlander,DET,23,23,131.1,69,22,106,47,1.49,1.29,4.72,658.8
136,Lucas Giolito,SDP,18,20,104,53,16,97,39,1.37,1.31,4.55,728.5
137,Hunter Greene,CIN,11,11,66.1,29,10,79,21,1.36,1.13,3.92,444.3
138,Chris Paddack,CIN,21,28,121.2,64,19,89,32,1.41,1.32,4.74,748.5
139,Luis Severino,ATH,28,28,166.1,93,26,125,57,1.43,1.38,5.01,642.5
140,Mick Abel,MIN,21,33,122.1,64,17,115,53,1.22,1.39,4.72,298.8
141,Steven Matz,TBR,20,30,119.1,63,18,94,35,1.38,1.34,4.75,713
142,Michael Soroka,ARI,11,36,89.1,39,10,89,35,1.01,1.25,3.97,710.4
143,Brandon Sproat,MIL,14,28,88,39,10,77,33,1.01,1.26,3.99,528.2
144,Kyle Freeland,COL,28,28,159,98,27,113,43,1.52,1.46,5.55,999
145,Cristian Javier,HOU,25,25,137.2,75,23,122,60,1.5,1.33,4.88,470.3
146,Bryce Elder,ATL,19,23,110.2,58,15,88,37,1.19,1.36,4.72,740.5
147,Hunter Dobbins,STL,12,24,78.2,38,8,61,26,0.97,1.34,4.35,999
148,Dean Kremer,BAL,18,29,109.2,54,17,93,35,1.39,1.28,4.43,999
149,Kyle Leahy,STL,15,42,114,61,15,93,39,1.15,1.4,4.79,733.7
150,Rhett Lowder,CIN,19,27,114,61,17,91,36,1.31,1.35,4.8,552.2
151,Kumar Rocker,TEX,16,27,91.2,44,12,79,29,1.19,1.26,4.31,720.7
152,Robert Gasser,MIL,8,30,66.2,29,8,65,21,1.04,1.2,3.86,748.6
153,Jacob Latz,TEX,12,41,102,49,13,97,47,1.14,1.34,4.33,730.9
154,Luis Morales,ATH,20,26,113,59,19,103,43,1.48,1.31,4.67,735.3
155,Edwin Díaz,LAD,0,62,65,25,7,88,23,1.03,1.12,3.52,33
156,Janson Junk,MIA,11,38,89.1,45,12,65,23,1.17,1.3,4.51,999
157,Garrett Whitlock,BOS,0,57,64,24,6,69,17,0.88,1.12,3.41,625
158,Aaron Civale,ATH,22,22,123,66,22,104,40,1.59,1.32,4.86,748.6
159,Richard Fitts,STL,19,27,105.2,55,16,84,33,1.37,1.3,4.65,748.6
160,J.T. Ginn,ATH,10,26,71,32,8,68,24,1.07,1.26,4.01,748.3
161,Devin Williams,NYM,0,62,63,22,5,83,27,0.78,1.14,3.13,59.5
162,Andrés Muñoz,SEA,0,61,62.1,21,5,75,23,0.7,1.1,2.98,41.2
163,Griffin Jax,TBR,0,62,63,24,7,77,17,1,1.12,3.45,149.2
164,Cody Bradford,TEX,7,27,62,26,8,56,15,1.17,1.13,3.83,999
165,Ben Brown,CHC,3,38,61.1,25,7,68,21,0.97,1.18,3.6,733.7
166,Drew Anderson,DET,4,45,74.1,31,9,100,39,1.07,1.27,3.73,999
167,Randy Vásquez,SDP,23,29,127.2,71,18,80,44,1.28,1.4,4.97,721.2
168,Jhoan Duran,PHI,0,64,65.2,24,6,69,19,0.76,1.14,3.23,41.8
169,Jose A. Ferrer,SEA,0,62,64.2,23,4,57,17,0.59,1.14,3.16,999
170,Max Scherzer,TOR,15,24,90.2,46,17,87,27,1.69,1.21,4.55,546.9
171,Patrick Sandoval,BOS,9,32,70.2,31,7,65,32,0.83,1.36,3.92,999
172,Abner Uribe,MIL,0,64,66.1,22,4,73,31,0.55,1.21,3.01,167.3
173,Alex Vesia,LAD,0,61,60.2,23,7,77,24,1.1,1.1,3.38,743.4
174,Connelly Early,BOS,7,16,46,18,4,49,17,0.84,1.21,3.47,266.5
175,David Bednar,NYY,0,60,61.2,24,7,72,20,1.01,1.11,3.46,64.1
176,Sean Burke,CHW,26,26,143.1,81,26,133,60,1.6,1.38,5.07,748.6
177,Spencer Arrighetti,HOU,15,25,93.1,50,14,93,41,1.35,1.37,4.82,728.3
178,Logan Allen,CLE,18,23,105,56,15,82,42,1.32,1.41,4.79,999
179,Bryan Abreu,HOU,0,65,67.1,27,7,87,29,0.96,1.21,3.65,181.7
180,Trevor McDonald,SFG,8,22,60,26,6,52,21,0.89,1.28,3.89,748.6
181,Matt Svanson,STL,0,57,63.2,24,5,62,22,0.66,1.2,3.4,528.8
182,Davis Martin,CHW,27,27,151,88,25,111,55,1.47,1.42,5.24,999
183,Jeremiah Estrada,SDP,0,65,66,26,8,88,28,1.12,1.18,3.54,623.6
184,Orion Kerkering,PHI,0,62,62.1,24,5,62,19,0.78,1.17,3.5,999
185,Gabe Speier,SEA,0,61,58,22,7,69,17,1.01,1.11,3.42,999
186,Miles Mikolas,WSN,26,26,143.1,82,26,87,33,1.63,1.33,5.16,999
187,Aaron Ashby,MIL,2,56,72.2,28,5,75,35,0.63,1.32,3.52,999
188,Anthony Kay,CHW,21,32,126.1,71,18,107,60,1.29,1.46,5.06,717.9
189,Griffin Canning,SDP,17,26,100.1,52,16,87,39,1.4,1.36,4.64,999
190,Matt Strahm,KCR,0,61,62.2,26,8,69,19,1.12,1.14,3.77,720.1
191,Adrian Morejon,SDP,0,62,64.2,25,6,62,19,0.88,1.17,3.53,735.8
192,Johan Oviedo,BOS,14,31,93.1,47,12,85,42,1.19,1.36,4.49,536.8
193,David Festa,MIN,7,19,48.1,22,6,51,17,1.13,1.25,4.12,999
194,Andrew Alvarez,WSN,10,28,71.2,33,7,55,28,0.87,1.36,4.17,999
195,A.J. Minter,NYM,0,46,46.2,17,5,52,15,0.9,1.11,3.36,999
196,Matt Brash,SEA,0,59,60.1,24,5,70,27,0.74,1.27,3.54,733.3
197,Aaron Bummer,,0,56,59.2,25,4,58,23,0.53,1.31,3.78,999
198,Joe Boyle,TBR,11,25,73.1,36,9,81,43,1.08,1.4,4.36,713.1
199,Daniel Palencia,CHC,0,61,63.1,25,6,73,27,0.89,1.22,3.61,91.1
200,Dylan Lee,ATL,0,62,64,27,9,70,16,1.24,1.14,3.8,999
201,Luis Gil,NYY,13,37,97,49,14,92,50,1.25,1.37,4.52,376.5
202,Aroldis Chapman,BOS,0,56,55.2,21,5,75,30,0.87,1.22,3.33,64.6
203,Lance McCullers Jr.,HOU,15,23,82.1,42,10,77,40,1.14,1.41,4.58,999
204,José Berríos,TOR,12,30,86.2,44,14,73,27,1.42,1.28,4.52,715.7
205,Phil Maton,CHC,0,62,62.1,25,6,71,23,0.94,1.2,3.68,743.4
206,Erik Sabrowski,CLE,0,57,58.2,23,6,76,33,0.85,1.28,3.59,999
207,Jonathan Cannon,CHW,13,30,93.1,50,14,70,32,1.37,1.34,4.86,999
208,Chris Martin,TEX,0,50,51.1,21,6,49,8,1.03,1.09,3.63,638.4
209,Pete Fairbanks,MIA,0,58,59.2,25,6,59,21,0.89,1.22,3.77,111.5
210,Ryan Walker,SFG,0,59,61,26,6,60,21,0.83,1.28,3.89,144.6
211,José Urquidy,PIT,10,29,74.1,40,11,55,23,1.35,1.32,4.84,999
212,Jonah Tong,NYM,5,11,31,12,3,36,12,0.89,1.19,3.48,722.8
213,Will Vest,DET,0,62,64.1,27,6,62,20,0.89,1.24,3.78,485.7
214,Brant Hurter,DET,0,42,49.2,19,4,46,15,0.66,1.18,3.38,999
215,Raisel Iglesias,ATL,0,61,62.1,27,8,63,15,1.18,1.16,3.9,100.6
216,Chase Dollander,COL,22,22,113.2,71,18,94,49,1.44,1.52,5.59,743.4
217,Cole Sands,MIN,0,62,66,31,7,61,21,1,1.25,4.19,735.4
218,Tyler Anderson,LAA,13,15,71.2,38,11,57,29,1.39,1.36,4.79,999
219,Corbin Burnes,ARI,6,6,35.1,16,4,32,11,1.05,1.22,3.99,738.1
220,Kody Funderburk,MIN,0,57,60.2,26,4,55,25,0.59,1.33,3.84,748.5
221,Mason Montgomery,PIT,0,57,59.1,25,6,66,24,0.91,1.28,3.85,748.4
222,Bryan King,HOU,0,62,63.1,26,6,62,23,0.88,1.24,3.67,748.5
223,Shawn Armstrong,CLE,0,62,65.2,30,8,65,20,1.09,1.24,4.16,748.5
224,Josh Hader,HOU,0,46,48.1,18,7,66,19,1.28,1.08,3.41,124.4
225,Hurston Waldrep,ATL,9,9,50.2,27,6,43,20,1.08,1.4,4.76,999
226,Jason Adam,SDP,0,50,52,20,6,53,17,0.97,1.1,3.44,999
227,Tyler Rogers,TOR,0,66,66.1,26,6,42,13,0.82,1.15,3.6,743.3
228,Ryan Helsley,BAL,0,60,62.2,27,8,64,22,1.09,1.21,3.83,85.6
229,Payton Tolle,BOS,6,21,47.2,22,7,51,17,1.31,1.23,4.09,673
230,Andrew Nardi,MIA,0,51,50.1,20,6,60,19,1.08,1.19,3.63,999
231,Ryan Feltner,COL,17,27,101.2,62,15,78,39,1.36,1.49,5.51,999
232,Brandon Williamson,CIN,9,29,75.1,40,11,64,29,1.29,1.37,4.74,748.5
233,Camilo Doval,NYY,0,60,61.2,25,5,64,28,0.73,1.27,3.61,663.7
234,Tyler Holton,DET,1,61,67.2,27,8,54,17,1.06,1.12,3.57,999
235,Stephen Kolek,KCR,7,26,60,30,6,43,20,0.92,1.38,4.55,999
236,José Alvarado,PHI,0,55,56.1,24,5,58,23,0.82,1.28,3.78,746.1
237,Angel Zerpa,MIL,0,57,58.2,23,5,50,18,0.83,1.19,3.48,999
238,Josiah Gray,WSN,15,15,88,49,15,72,36,1.57,1.37,5,999
239,Eduard Bazardo,SEA,0,59,62.2,28,8,65,21,1.14,1.2,3.95,999
240,Caleb Thielbar,CHC,0,61,59.1,25,8,59,20,1.15,1.19,3.87,999
241,Patrick Corbin,TOR,12,14,69.1,41,11,57,24,1.45,1.44,5.27,999
242,Blake Treinen,LAD,0,53,53.1,23,6,56,18,1.01,1.22,3.91,999
243,Jack Dreyer,LAD,0,45,48,19,5,48,17,0.92,1.19,3.61,999
244,Trevor Megill,MIL,0,60,62.1,29,9,74,22,1.26,1.25,4.21,137.7
245,Tanner Scott,LAD,0,62,63.1,27,6,67,28,0.89,1.31,3.87,712.8
246,Justin Bruihl,STL,0,48,48.1,20,4,46,18,0.69,1.25,3.69,999
247,Gregory Soto,PIT,0,61,59.1,26,5,59,26,0.77,1.34,3.98,728.4
248,Gordon Graceffo,STL,0,47,56.2,26,6,48,18,0.92,1.27,4.1,999
249,Bryan Baker,TBR,0,61,62.1,28,9,70,23,1.26,1.23,4.09,999
250,Hunter Harvey,CHC,0,49,51.2,23,6,52,14,1.1,1.19,3.94,748.5
251,JoJo Romero,STL,0,61,61.1,26,5,54,22,0.79,1.28,3.79,479.1
252,Edwin Uceta,TBR,0,56,60,27,9,73,24,1.33,1.24,4.1,572.7
253,Jon Gray,,8,9,47,25,7,40,15,1.41,1.32,4.74,999
254,Ryan Thompson,ARI,0,60,61.1,28,6,49,18,0.86,1.29,4.18,748.4
255,Jordan Montgomery,TEX,7,14,47,24,6,36,15,1.17,1.33,4.56,999
256,Clayton Beeter,WSN,0,59,63,27,7,76,35,0.98,1.33,3.91,307.1
257,Ryan Bergert,KCR,8,19,51,27,7,46,20,1.28,1.37,4.76,999
258,Robert Garcia,TEX,0,62,61.1,27,7,63,22,1.06,1.26,3.98,232.1
259,Steven Okert,HOU,0,61,62,28,9,71,24,1.34,1.2,4.08,999
260,Alex Cobb,,7,12,43,21,5,34,14,1.09,1.35,4.46,999
261,Brusdar Graterol,LAD,0,36,37,13,2,26,9,0.54,1.16,3.27,999
262,Luke Weaver,NYM,0,59,65.2,30,9,69,21,1.3,1.21,4.14,733.5
263,Kevin Ginkel,ARI,0,56,57.2,27,6,55,20,0.98,1.28,4.17,556.5
264,Germán Márquez,SDP,17,20,94.2,55,16,68,32,1.54,1.4,5.23,743.3
265,Kenley Jansen,DET,0,55,56,24,8,56,19,1.25,1.15,3.91,133
266,Jared Koenig,MIL,0,59,62,26,7,60,22,0.98,1.23,3.8,748.5
267,Brendon Little,TOR,0,52,51.1,19,4,54,24,0.7,1.29,3.38,748.5
268,Luis Garcia,NYY,3,36,47.2,22,7,49,16,1.35,1.22,4.2,999
269,Jake Irvin,WSN,17,27,107,59,18,76,35,1.53,1.36,4.96,999
270,PJ Poulin,WSN,0,57,58,25,6,59,25,0.86,1.31,3.89,999
271,Charlie Morton,,11,11,57,31,9,57,26,1.36,1.41,4.91,999
272,Eric Lauer,LAD,4,40,65.1,31,10,67,26,1.36,1.28,4.32,720.5
273,Lucas Erceg,KCR,0,60,62.1,28,5,55,25,0.78,1.32,4,490.7
274,Robert Suarez,ATL,0,64,65.1,30,9,65,21,1.19,1.25,4.18,214.4
275,Erick Fedde,CHW,17,22,100.2,60,17,68,38,1.51,1.42,5.34,999
276,Hoby Milner,CHC,0,59,60.1,26,6,48,15,0.95,1.22,3.85,999
277,Jimmy Herget,COL,1,62,70.1,36,10,65,21,1.29,1.29,4.64,999
278,David Morgan,SDP,0,53,56.2,25,7,60,22,1.07,1.26,3.95,999
279,Braydon Fisher,TOR,0,47,49,20,6,57,23,1.02,1.26,3.76,999
280,River Ryan,LAD,7,12,40.1,20,5,36,15,1.18,1.32,4.41,675.5
281,Alek Manoah,LAA,12,12,68,37,11,55,27,1.46,1.36,4.95,748.6
282,Justin Topa,,0,59,61.2,31,6,48,19,0.86,1.38,4.58,999
283,Garrett Cleavinger,TBR,0,62,61.2,27,8,74,27,1.16,1.26,3.97,505.5
284,Yimi García,TOR,0,50,51,22,7,53,15,1.26,1.13,3.79,999
285,Jeff Hoffman,TOR,0,60,61,28,9,71,22,1.37,1.2,4.07,99.6
286,José Suarez,ATH,2,31,46.2,23,5,46,18,1.06,1.35,4.44,999
287,Sean Newcomb,CHW,2,57,71.2,33,8,67,33,0.96,1.36,4.21,999
288,Marcus Stroman,,10,12,53.2,29,7,38,21,1.15,1.42,4.82,999
289,Jedixson Paez,BOS,0,33,37.1,15,5,35,6,1.19,1.07,3.65,999
290,Tyler Kinley,ATL,0,58,59.1,28,8,61,23,1.15,1.25,4.18,999
291,Graham Ashcraft,CIN,0,54,61.1,28,6,50,21,0.86,1.32,4.11,999
292,Travis Adams,MIN,2,34,50.2,25,6,44,18,1.06,1.32,4.4,999
293,Tyler Alexander,TEX,2,51,68.1,33,10,57,18,1.34,1.23,4.4,999
294,John Schreiber,KCR,0,62,61.1,28,7,54,22,0.97,1.28,4.09,999
295,Hunter Gaddis,CLE,0,59,62,29,9,62,20,1.35,1.19,4.15,999
296,Gage Jump,ATH,7,7,37,19,6,33,12,1.42,1.33,4.71,999
297,Louis Varland,TOR,0,57,64,30,9,64,20,1.22,1.27,4.19,999
298,Ryan Yarbrough,NYY,2,39,59,27,8,49,18,1.16,1.22,4.09,999
299,Dennis Santana,PIT,0,62,64.2,31,7,60,25,0.97,1.32,4.28,150.5
300,Carson Whisenhunt,SFG,6,13,38.1,19,5,32,13,1.14,1.36,4.49,999
301,Andrew Kittredge,BAL,0,55,57,25,8,55,15,1.21,1.19,4.01,745.8
302,Jack Perkins,ATH,1,23,30.2,12,3,34,14,0.83,1.23,3.53,999
303,Riley O'Brien,STL,0,59,62.1,28,6,64,30,0.86,1.34,4.01,264
304,Walker Buehler,SDP,11,23,68.2,37,10,52,27,1.33,1.38,4.81,740.9
305,Ryan Fernandez,STL,0,40,42.2,19,5,43,15,0.98,1.26,3.98,999
306,Kendry Rojas,MIN,1,23,28.1,12,3,29,9,0.83,1.23,3.69,999
307,Keaton Winn,SFG,2,33,45.2,22,5,39,15,0.99,1.33,4.28,999
308,Michael Lorenzen,COL,25,25,142,89,25,105,57,1.62,1.51,5.67,999
309,Erik Miller,SFG,0,59,58.1,24,5,58,31,0.71,1.36,3.68,999
310,Cade Gibson,MIA,0,54,60.2,27,5,50,24,0.68,1.33,3.97,999
311,Joel Payamps,ATL,0,52,51.2,25,7,47,14,1.16,1.26,4.32,999
312,Evan Sisk,PIT,0,35,36.1,15,2,37,16,0.6,1.32,3.63,999
313,Jovani Morán,BOS,0,42,45,19,4,49,23,0.79,1.32,3.73,999
314,JP Sears,SDP,6,19,45,22,7,39,14,1.49,1.24,4.46,999
315,Shane Drohan,MIL,2,21,33.1,14,4,37,15,0.98,1.25,3.76,999
316,Carlos Rodriguez,MIL,2,23,32,13,4,32,13,1.07,1.2,3.77,999
317,Justin Lawrence,PIT,0,53,56.2,27,5,55,26,0.77,1.41,4.26,999
318,Seranthony Domínguez,CHW,0,59,59.1,27,8,65,26,1.15,1.25,4.05,194.2
319,Eric Orze,MIN,0,56,60.1,29,7,62,26,1.09,1.32,4.3,999
320,Kyle Finnegan,DET,0,60,62,29,8,57,20,1.1,1.26,4.15,639
321,Andrew Hoffmann,ARI,0,46,50.1,24,6,50,20,1.03,1.34,4.36,999
322,A.J. Puk,ARI,0,28,30.1,13,3,34,10,1.02,1.2,3.82,748.5
323,Jake Bird,NYY,0,49,52.1,23,5,53,21,0.9,1.28,3.91,999
324,Drew Thorpe,CHW,7,8,39.1,20,6,28,13,1.39,1.27,4.56,999
325,Keegan Akin,BAL,0,61,64.2,30,9,61,21,1.24,1.25,4.17,999
326,Cody Laweryson,MIN,0,32,36.1,17,4,34,12,1.01,1.25,4.17,999
327,Porter Hodge,CHC,0,28,30,12,2,34,14,0.74,1.25,3.49,999
328,Taylor Rogers,MIN,0,57,57.1,28,7,57,23,1.08,1.35,4.43,415.5
329,Juan Morillo,ARI,0,47,46.2,21,4,44,20,0.83,1.34,4.04,999
330,Fernando Cruz,NYY,0,57,58,27,9,77,27,1.38,1.28,4.25,999
331,Tommy Nance,TOR,0,50,53.1,25,6,52,19,1.06,1.28,4.14,999
332,Bennett Sousa,HOU,0,41,43.2,19,6,46,16,1.15,1.23,3.97,999
333,Will Klein,LAD,0,47,50.1,23,5,60,29,0.88,1.41,4.1,999
334,Elvis Alvarado,ATH,0,56,60.1,28,7,65,29,1.06,1.32,4.16,748.5
335,Kevin Kelly,TBR,0,36,37.1,16,4,32,9,0.95,1.2,3.94,999
336,Mason Fluharty,TOR,0,39,39.1,16,5,41,15,1.05,1.2,3.65,999
337,Luis García,MIN,0,54,56,27,6,47,18,0.94,1.32,4.26,999
338,Clarke Schmidt,NYY,3,11,25,11,3,24,9,1.14,1.23,4.05,999
339,Spencer Bivens,SFG,0,58,67,31,7,49,24,0.91,1.32,4.09,999
340,Tim Herrin,CLE,0,54,52,23,5,50,23,0.85,1.33,3.95,999
341,Grant Anderson,MIL,0,53,56,26,8,55,20,1.22,1.25,4.16,999
342,George Klassen,LAA,5,16,38.2,20,6,38,17,1.28,1.37,4.59,999
343,Kyle Backhus,PHI,0,40,38.2,17,4,38,16,0.86,1.31,3.94,999
344,DJ Herz,WSN,2,19,28.2,12,3,33,15,0.87,1.31,3.73,999
345,AJ Blubaugh,HOU,2,27,39,18,5,40,16,1.2,1.27,4.14,748.5
346,Isaac Mattson,PIT,0,58,62.1,30,7,63,31,1.04,1.37,4.32,999
347,Zak Kent,WSN,0,39,43.2,21,5,43,18,1.02,1.33,4.25,999
348,Wikelman González,CHW,0,39,43.2,19,4,45,24,0.83,1.34,3.95,999
349,Anthony Bender,MIA,0,59,59.2,28,7,54,21,1.02,1.29,4.17,999
350,Sam Hentges,SFG,0,33,33.1,15,3,32,12,0.87,1.34,4.04,999
351,Taijuan Walker,LAA,16,36,110,62,18,75,41,1.47,1.4,5.08,748.3
352,Juan Mejia,COL,0,61,64.1,33,8,69,31,1.07,1.44,4.66,748.5
353,Tony Santillan,CIN,0,65,65.2,33,9,70,30,1.19,1.36,4.53,718.1
354,Andre Granillo,WSN,0,35,39,17,5,42,17,1.12,1.26,3.98,999
355,Yohan Ramírez,PIT,0,45,49.2,23,5,51,22,0.91,1.33,4.14,999
356,Martín Pérez,ATL,7,7,35,19,5,26,13,1.26,1.44,5,999
357,Mason Englert,TBR,0,53,60.2,29,9,57,17,1.34,1.24,4.34,999
358,Brenan Hanifee,DET,0,50,55.1,26,5,40,18,0.86,1.31,4.17,999
359,Max Lazar,PHI,0,35,38.1,18,5,32,9,1.17,1.21,4.16,999
360,Brandon Eisert,CHW,0,56,58.1,28,8,56,20,1.19,1.28,4.33,999
361,Calvin Faucher,MIA,0,61,63,32,7,61,27,1.02,1.41,4.55,999
362,Brent Headrick,NYY,0,42,47.2,22,7,51,17,1.27,1.24,4.11,999
363,Jordan Leasure,CHW,0,61,61.2,29,10,68,26,1.4,1.25,4.23,717.5
364,Justin Martinez,ARI,0,22,22.2,9,1,26,12,0.54,1.31,3.38,999
365,Jose Quintana,COL,22,22,127.2,84,20,79,54,1.4,1.61,5.94,999
366,Tanner Gordon,COL,9,26,64.1,41,12,49,18,1.66,1.46,5.68,999
367,Luinder Avila,KCR,0,24,27.2,11,2,27,12,0.68,1.27,3.67,999
368,Luis Curvelo,TEX,0,35,36.1,16,5,37,12,1.22,1.15,3.88,999
369,Pierson Ohl,COL,1,17,32.2,18,5,27,7,1.31,1.33,4.87,999
370,Richard Lovelady,WSN,0,28,29.2,12,3,26,10,0.79,1.23,3.62,999
371,Carlos Estévez,KCR,0,61,62.1,31,9,55,21,1.24,1.29,4.48,120.1
372,Matt Festa,CLE,0,56,57.2,29,8,59,23,1.28,1.3,4.45,999
373,Paul Blackburn,NYY,3,42,59.1,32,8,50,21,1.24,1.38,4.85,999
374,Jonathan Loáisiga,ARI,0,49,51.1,25,5,38,14,0.96,1.32,4.37,999
375,Peyton Pallette,CLE,0,39,41.2,19,6,46,18,1.19,1.27,4.12,999
376,Gavin Stone,LAD,3,10,24,12,3,21,8,1.15,1.31,4.4,999
377,Luke Little,CHC,0,19,19.2,6,1,22,11,0.38,1.24,2.87,999
378,Brock Burke,CIN,0,58,59.2,29,8,50,18,1.21,1.3,4.4,999
379,Brooks Raley,NYM,0,54,54,27,8,54,19,1.28,1.31,4.43,999
380,Cole Henry,WSN,0,62,62.1,29,8,61,29,1.12,1.29,4.17,736.2
381,Liam Hendriks,CHC,0,22,22.1,10,3,25,6,1.25,1.15,3.93,746.2
382,Dauri Moreta,,0,25,25,11,3,29,10,1.2,1.2,3.92,999
383,Yennier Cano,BAL,0,57,56.1,26,6,49,20,0.96,1.33,4.21,999
384,Josh Sborz,TEX,0,40,42,21,5,45,18,1.12,1.31,4.4,999
385,Yerry De los Santos,NYY,0,34,37.1,17,3,30,14,0.83,1.29,3.97,999
386,Bryan Hudson,CHW,0,23,25,10,2,24,10,0.8,1.23,3.59,999
387,Justin Wilson,,0,31,30,14,4,31,11,1.06,1.27,4.04,999
388,Ethan Roberts,CHC,0,31,32.2,15,4,33,12,1.03,1.26,4.07,999
389,Dax Fulton,MIA,1,13,17.1,7,1,17,7,0.63,1.3,3.64,999
390,Jonathan Bowlan,PHI,0,48,53.2,27,7,53,21,1.23,1.34,4.47,999
391,Andrew Chafin,,0,32,32,14,3,34,15,0.92,1.34,3.98,999
392,Brad Keller,PHI,0,57,64.2,29,7,59,30,0.93,1.35,4.02,745.9
393,Spencer Turnbull,,5,6,28.2,16,4,23,12,1.23,1.42,5.02,999
394,Caleb Ferguson,CIN,0,49,48.2,24,5,42,19,0.97,1.36,4.34,999
395,Emilio Pagán,CIN,0,63,64.2,31,12,71,22,1.63,1.19,4.32,111.9
396,Ryan Borucki,SFG,0,35,35.2,15,4,31,13,0.93,1.27,3.77,999
397,Paul Sewald,ARI,0,52,53,26,9,54,17,1.5,1.23,4.48,389.9
398,Coleman Crow,MIL,1,13,16.1,7,2,17,5,1.04,1.14,3.6,999
399,Cole Winn,TEX,0,56,63.1,29,7,59,31,0.95,1.33,4.1,999
400,Danny Coulombe,BOS,0,50,48,22,6,46,18,1.21,1.26,4.16,999
401,Jordan Romano,COL,0,57,57.1,28,9,59,20,1.39,1.25,4.37,689
402,Tanner Banks,PHI,0,55,58.1,29,8,53,17,1.26,1.31,4.51,999
403,George Soriano,STL,0,36,42,21,5,39,18,1,1.35,4.43,999
404,Colin Selby,BAL,0,35,37,17,4,37,17,1.01,1.3,4.02,999
405,Ian Hamilton,ATL,0,29,30.2,14,3,31,13,0.9,1.36,4.23,999
406,Dylan Dodd,ATL,0,35,38.1,19,5,34,11,1.15,1.31,4.46,999
407,Matt Gage,SFG,0,50,52,27,6,45,21,0.96,1.45,4.62,999
408,Zach McCambley,CIN,0,37,38,18,5,40,15,1.17,1.29,4.16,999
409,Scott Barlow,ATH,0,56,56,27,7,59,27,1.11,1.35,4.4,999
410,Tink Hence,STL,2,4,13,6,2,13,4,1.06,1.24,4.02,999
411,Ryan Brasier,TEX,0,33,34.2,17,4,29,10,1.13,1.26,4.29,999
412,Angel Bastardo,BOS,0,20,22.2,9,2,23,9,0.93,1.22,3.65,999
413,Easton McGee,MIL,0,26,30.1,14,4,27,8,1.18,1.23,4.18,999
414,McCade Brown,COL,6,13,36.1,22,6,34,14,1.55,1.43,5.34,999
415,Tristan Beck,SFG,0,21,26.2,12,3,23,9,1.01,1.3,4.22,999
416,Kervin Castro,NYY,0,25,26,11,3,25,10,0.91,1.23,3.75,999
417,DL Hall,MIL,0,46,54.2,25,6,52,26,0.95,1.34,4.04,999
418,Chris Roycroft,STL,0,40,43.1,21,4,34,20,0.74,1.42,4.36,999
419,Casey Legumina,TBR,0,45,47.2,23,6,46,18,1.2,1.29,4.26,999
420,Sam Moll,CIN,0,44,42.1,20,5,41,18,1.04,1.34,4.24,999
421,Grant Wolfram,BAL,0,35,38.2,18,4,38,17,0.96,1.35,4.17,999
422,Jalen Beeks,TEX,0,52,53.1,25,6,46,20,1.07,1.31,4.22,999
423,Chase Silseth,LAA,0,45,52,24,7,53,23,1.13,1.3,4.13,999
424,Steven Cruz,KCR,0,35,36.1,16,4,33,16,0.9,1.32,4.08,999
425,Jason Alexander,HOU,5,19,43.1,24,6,34,16,1.33,1.43,5.09,999
426,Julian Aguiar,CIN,2,22,32,16,5,26,9,1.31,1.27,4.45,999
427,Evan Phillips,LAD,0,19,19.1,8,2,20,6,1.06,1.18,3.83,999
428,José Leclerc,SDP,0,25,26.1,12,3,28,12,1.07,1.27,4.07,999
429,Chase Lee,TOR,0,17,19,8,2,19,6,1.07,1.19,3.8,999
430,Yuki Matsui,SDP,0,43,45,21,6,44,19,1.23,1.28,4.17,999
431,Tanner Houck,BOS,2,6,16.2,8,2,13,5,0.95,1.29,4.12,999
432,Kohl Drake,ARI,3,4,15.1,8,2,14,5,1.29,1.33,4.59,999
433,Connor Phillips,CIN,0,49,53.2,27,7,60,29,1.13,1.4,4.45,999
434,Carlos Vargas,SEA,0,51,53.2,25,5,39,18,0.92,1.33,4.23,999
435,Kade Strowd,ARI,0,34,35.2,17,4,34,16,0.9,1.39,4.29,999
436,Brady Basso,ATH,0,28,31,14,4,29,11,1.1,1.27,4.1,999
437,Colin Holderman,CLE,0,37,38.1,18,4,34,16,1.01,1.33,4.3,999
438,Prelander Berroa,CHW,0,27,28.1,13,3,31,16,0.97,1.35,4.03,999
439,Yosver Zulueta,SEA,0,22,24.1,10,2,26,12,0.74,1.31,3.72,999
440,Austin Warren,NYM,0,34,37.2,18,5,36,14,1.18,1.29,4.25,999
441,Victor Vodnik,COL,0,59,62.1,32,6,56,31,0.85,1.5,4.66,496.8
442,Nestor Cortes,,2,2,13.2,7,2,12,4,1.49,1.25,4.42,999
443,Ryan Watson,BOS,0,24,25.2,12,3,24,9,1.11,1.28,4.19,999
444,Joel Peguero,SFG,0,42,44.1,22,4,39,20,0.9,1.44,4.53,999
445,Jaden Hill,COL,0,37,39,20,5,40,16,1.07,1.4,4.69,999
446,Gavin Hollowell,CHC,0,19,20.1,9,2,22,9,1,1.23,3.78,999
447,Tyler Phillips,MIA,0,57,65.1,33,7,49,24,1.01,1.4,4.6,999
448,Austin Gomber,ATL,4,7,25,13,4,18,7,1.55,1.27,4.69,999
449,Cionel Pérez,NYM,0,49,49.2,23,4,39,24,0.67,1.45,4.25,999
450,Caleb Kilian,SFG,0,24,27,13,3,22,10,0.85,1.36,4.19,999
451,Thomas Harrington,PIT,2,8,17.2,9,3,15,5,1.36,1.3,4.65,999
452,Greg Weissert,BOS,0,60,61.2,30,8,53,22,1.2,1.3,4.43,999
453,Nolan Hoffman,PHI,0,14,14.2,6,1,14,6,0.66,1.29,3.72,999
454,Mitch Bratt,ARI,2,3,12,6,2,11,3,1.33,1.26,4.52,999
455,Huascar Brazobán,NYM,0,46,50.1,24,6,46,23,1.02,1.35,4.29,999
456,Kyle Wright,CHC,2,6,16.2,8,2,14,6,1.07,1.33,4.31,999
457,Wade Miley,,5,6,28.2,16,4,19,11,1.32,1.43,4.92,999
458,Griff McGarry,LAD,0,37,42.1,19,5,51,27,0.97,1.41,4.04,999
459,Chris Murphy,CHW,0,41,48.1,22,5,43,22,0.98,1.32,4.11,999
460,Jakob Junis,TEX,0,53,60.2,31,10,51,15,1.41,1.24,4.59,999
461,Alek Jacob,SDP,0,26,29,14,4,27,10,1.2,1.25,4.2,999
462,Jack Kochanowicz,LAA,10,28,70,39,10,44,25,1.28,1.43,4.95,999
463,Anthony Banda,MIN,0,52,54.1,28,7,52,24,1.12,1.4,4.66,999
464,John Brebbia,,0,34,35.1,18,6,36,12,1.41,1.28,4.59,999
465,Justin Slaten,BOS,0,55,60,30,8,54,22,1.25,1.32,4.45,999
466,Marco Raya,MIN,0,21,22,10,2,21,9,1,1.3,4.07,999
467,Julian Fernández,WSN,0,33,34.2,16,4,33,15,1.17,1.31,4.29,999
468,Caden Dana,LAA,12,13,66.1,39,13,57,25,1.79,1.37,5.24,999
469,Gregory Santos,SFG,0,28,29,13,2,22,11,0.73,1.39,4.14,999
470,José Buttó,SFG,0,54,61.2,31,7,57,29,1.08,1.4,4.47,999
471,Reiver Sanmartin,SFG,0,22,24,11,2,18,8,0.75,1.37,4.08,999
472,Ryan Zeferjahn,LAA,0,58,60.1,30,8,69,31,1.25,1.37,4.47,999
473,Colton Gordon,HOU,0,21,27,13,4,25,9,1.24,1.26,4.29,999
474,Seth Halvorsen,COL,0,46,48,25,6,43,20,1.04,1.41,4.64,712.5
475,Sammy Peralta,COL,0,12,14.2,6,1,14,5,0.91,1.21,3.74,999
476,Jose Corniell,TEX,0,13,16,7,2,16,5,1.19,1.11,3.67,999
477,Ben Casparius,LAD,0,46,53.2,28,8,53,23,1.35,1.34,4.68,999
478,Justin Sterner,ATH,0,61,65.1,33,12,69,24,1.6,1.25,4.6,547
479,Anthony Molina,ATL,0,10,16.2,8,2,13,4,0.97,1.31,4.36,999
480,Cal Quantrill,TEX,4,6,21.2,12,3,16,8,1.39,1.37,5.09,999
481,Gunnar Hoglund,ATH,5,17,40.1,22,7,34,13,1.67,1.31,4.94,999
482,Josh Simpson,SEA,0,22,22.1,10,2,24,11,0.91,1.32,3.84,999
483,Joe Jiménez,ATL,0,17,17,8,2,19,6,1.23,1.24,4.28,999
484,Hunter Stratton,ATL,0,20,21,10,3,19,8,1.08,1.32,4.41,999
485,Cole Wilcox,SEA,0,17,19,8,2,17,7,0.92,1.27,3.99,999
486,Justin Hagenman,NYM,0,18,21.2,10,3,21,6,1.35,1.22,4.24,999
487,Jason Foley,SFG,0,18,18.1,8,2,13,5,0.77,1.32,4.06,999
488,Alex Lange,KCR,0,44,44,22,5,45,24,0.93,1.44,4.5,999
489,Félix Bautista,BAL,0,10,10,4,1,13,5,0.95,1.18,3.39,999
490,Jacob Webb,CHC,0,51,53.1,26,7,49,21,1.24,1.28,4.35,999
491,James Karinchak,ATL,0,20,20.2,10,3,26,12,1.14,1.37,4.49,999
492,Juan Burgos,ARI,0,22,23.1,11,2,21,10,0.94,1.33,4.22,999
493,Paxton Schultz,WSN,0,31,36.1,18,5,36,17,1.18,1.39,4.57,999
494,John King,MIA,0,44,45.1,22,4,26,13,0.82,1.38,4.32,999
495,Pedro Avila,CLE,1,22,30.2,16,3,28,14,1,1.46,4.73,999
496,Connor Brogdon,CLE,0,44,47,24,7,46,17,1.43,1.3,4.63,999
497,Ronan Kopp,LAD,0,12,12.2,5,1,16,7,0.77,1.33,3.58,999
498,Adam Macko,TOR,1,9,11.1,5,1,12,5,0.93,1.28,3.87,999
499,Brent Suter,LAA,0,55,61.2,30,8,46,19,1.21,1.29,4.34,999
500,Zack Kelly,BOS,0,49,53.1,26,7,50,25,1.1,1.36,4.41,999
501,Tony Gonsolin,LAD,2,3,12,6,2,11,5,1.36,1.28,4.4,999
502,Mitch Spence,KCR,1,22,27.1,14,4,22,9,1.16,1.36,4.7,999
503,Scott Alexander,SFG,0,26,24.2,11,2,16,8,0.79,1.3,4.01,999
504,Rob Zastryzny,MIL,0,45,43.2,22,6,42,16,1.33,1.3,4.47,999
505,Mitch Farris,LAA,4,5,22.1,13,4,20,9,1.59,1.43,5.23,999
506,Matt Waldron,SDP,3,4,16.1,9,3,13,5,1.49,1.37,5.08,999
507,Eduarniel Núñez,BAL,0,33,35.2,17,4,39,20,0.96,1.41,4.2,999
508,Danny Young,ATL,0,14,14.2,7,1,16,6,0.83,1.35,4.06,999
509,Wandy Peralta,SDP,0,56,56,24,6,42,23,0.9,1.33,3.92,999
510,Dane Dunning,SEA,2,6,14.1,7,2,12,5,1.21,1.34,4.56,999
511,Drew Smith,MIN,0,30,30.1,15,4,30,12,1.29,1.3,4.48,999
512,Kyle Hart,SDP,1,30,40.2,21,6,39,17,1.23,1.37,4.58,999
513,Emiliano Teodo,TEX,0,13,13,5,1,15,7,0.84,1.26,3.5,999
514,Domingo Gonzalez,SEA,0,15,15.1,7,2,16,6,1.01,1.26,3.94,999
515,Pierce Johnson,CIN,0,58,58.1,31,9,60,24,1.39,1.36,4.75,999
516,Beau Brieske,DET,0,39,42.2,21,6,36,17,1.23,1.3,4.4,999
517,Jayden Murray,HOU,0,24,26,12,3,23,10,1.18,1.26,4.21,999
518,Lazaro Estrada,TOR,0,15,19,9,3,20,6,1.38,1.24,4.33,999
519,Miguel Ullola,HOU,0,13,14,6,1,17,8,0.96,1.29,3.79,999
520,Ken Waldichuk,WSN,1,29,36.1,18,5,37,18,1.19,1.39,4.54,999
521,Dom Hamel,NYY,1,30,34,17,5,34,16,1.24,1.38,4.6,999
522,Brandon Walter,HOU,1,1,6,3,1,5,2,1.22,1.18,4,999
523,Ron Marinaccio,SDP,0,35,38.2,19,5,39,19,1.1,1.34,4.35,999
524,James McArthur,KCR,0,22,23.2,12,3,20,8,1.1,1.34,4.5,999
525,Manuel Rodríguez,TBR,0,12,12,6,1,11,4,0.85,1.31,4.08,999
526,Adbert Alzolay,NYM,0,38,39.1,20,6,35,11,1.42,1.24,4.48,999
527,Sam Aldegheri,LAA,4,7,27,16,4,21,12,1.47,1.48,5.36,999
528,Gavin Collyer,TEX,0,14,15.1,7,2,17,7,1.04,1.29,4.07,999
529,Jean Cabrera,PHI,2,2,10.1,6,1,7,4,1.27,1.4,4.85,999
530,Michael Fulmer,SFG,0,9,9.2,4,1,10,4,1.02,1.29,4.1,999
531,Taylor Clarke,ARI,0,55,59,31,10,48,16,1.45,1.3,4.76,999
532,Garrett Acton,MIN,0,20,20.1,10,3,21,8,1.46,1.24,4.28,999
533,Rolddy Muñoz,ATL,0,14,15.2,7,2,15,7,0.93,1.37,4.26,999
534,Jordan Hicks,CHW,0,52,58.2,28,6,48,28,0.88,1.4,4.35,999
535,Trent Thornton,CHC,0,21,22.2,11,3,19,8,1.19,1.31,4.53,999
536,Pete Hansen,STL,2,2,8,4,1,6,2,1.29,1.37,4.81,999
537,Henry Baez,ATH,0,10,12.1,5,1,11,5,0.88,1.29,3.94,999
538,Zach Pop,PHI,0,18,18.1,8,2,13,6,0.88,1.31,4.14,999
539,Taylor Rashi,ARI,0,13,21.2,11,3,22,10,1.14,1.35,4.41,999
540,Nate Pearson,HOU,0,39,42.1,21,6,42,18,1.35,1.31,4.55,999
541,Cole Sulser,TBR,0,48,52.2,27,8,50,21,1.33,1.35,4.64,999
542,Bailey Horn,DET,0,30,31.1,15,4,30,15,1.06,1.37,4.28,999
543,Eric Cerantola,KCR,0,12,12.1,5,1,14,7,0.93,1.32,3.93,999
544,Tim Mayza,PHI,0,21,21.1,10,2,16,6,1.03,1.33,4.35,999
545,Nick Raquet,BAL,0,26,27.1,14,3,23,11,0.93,1.42,4.52,999
546,Yoniel Curet,DET,1,2,7.1,4,1,7,3,1.15,1.38,4.57,999
547,Jackson Jobe,DET,1,3,8.2,4,1,7,3,1.28,1.31,4.47,999
548,Chase Shugart,PHI,0,30,33.1,17,4,28,13,1.2,1.38,4.7,999
549,Joe Mantiply,TOR,0,10,9.2,4,1,8,2,1.09,1.24,4.12,999
550,Jhony Brito,SDP,0,16,17.1,8,2,12,5,1.05,1.31,4.36,999
551,Tim Hill,NYY,0,61,62.1,28,6,32,18,0.84,1.31,3.98,999
552,Jackson Rutledge,PHI,0,33,38,20,5,33,16,1.18,1.39,4.68,999
553,Osvaldo Bido,,1,14,17.2,10,2,17,8,1.26,1.43,5.08,999
554,Angel Chivilli,NYY,0,19,21,10,3,17,6,1.23,1.25,4.24,999
555,Alexis Díaz,TEX,0,28,29,14,4,30,15,1.17,1.3,4.37,999
556,Gus Varland,WSN,0,28,29.1,15,4,28,13,1.2,1.4,4.75,999
557,Joey Estes,ATH,1,20,26.2,14,5,22,8,1.69,1.23,4.7,999
558,Ryan Loutos,SEA,0,15,15.1,7,2,14,6,1.03,1.34,4.33,999
559,Hogan Harris,ATH,0,53,62.2,32,8,63,32,1.15,1.42,4.59,618.2
560,Ryan Webb,CLE,1,1,7,4,1,5,3,1.24,1.41,4.9,999
561,Joey Gerber,NYM,0,12,12.2,6,2,13,5,1.24,1.29,4.37,999
562,Jose Espada,BAL,0,11,12.2,6,2,15,6,1.4,1.25,4.18,999
563,Shawn Dubin,,0,17,22.1,12,2,20,10,0.97,1.45,4.73,999
564,Konnor Pilkington,DET,0,23,24.2,12,3,26,14,1.01,1.38,4.18,999
565,Sam Bachman,LAA,0,42,44.2,21,5,38,21,0.94,1.4,4.31,999
566,Bobby Miller,LAD,0,15,19.1,9,2,17,7,1.15,1.32,4.41,999
567,Drey Jameson,ARI,0,26,28.1,15,4,25,11,1.16,1.4,4.75,999
568,Yariel Rodríguez,TOR,0,23,25.1,12,3,25,13,1.06,1.34,4.22,999
569,Sean Guenther,DET,0,12,12.1,6,1,10,4,1.05,1.28,4.15,999
570,Wilber Dotel,PIT,0,11,11.2,6,1,11,5,1.07,1.34,4.31,999
571,Robert Stephenson,LAA,0,22,22,11,4,24,7,1.67,1.21,4.51,683.2
572,Enmanuel De Jesus,DET,0,30,31.1,17,3,25,14,0.94,1.46,4.84,999
573,Daison Acosta,SDP,0,9,9,4,1,10,5,1,1.33,3.95,999
574,Ryan Rolison,CHC,1,20,23.2,12,3,18,8,1.2,1.33,4.45,999
575,Codi Heuer,CLE,0,7,8,4,1,7,3,0.96,1.28,4.12,999
576,Peter Lambert,HOU,0,12,14,7,2,12,5,1.14,1.34,4.53,999
577,Hunter Bigge,TBR,0,45,47.2,24,7,50,22,1.37,1.35,4.59,999
578,Nick Hernandez,ATH,0,10,12,6,2,13,5,1.48,1.26,4.36,999
579,Craig Kimbrel,NYM,0,13,13.2,7,2,16,6,1.33,1.28,4.34,999
580,Colin Poche,,0,16,15.1,7,2,15,7,1.3,1.28,4.32,999
581,Nick Mears,KCR,0,58,58.1,30,8,54,25,1.25,1.36,4.65,999
582,Héctor Neris,,0,15,15,8,2,15,6,1.23,1.33,4.5,999
583,Michel Otañez,TEX,0,17,17.1,8,2,21,11,0.94,1.44,4.25,999
584,Chad Green,,0,27,28.1,14,5,24,9,1.51,1.25,4.57,999
585,Logan VanWey,HOU,0,15,18.2,9,2,19,9,1.16,1.35,4.33,999
586,Tom Cosgrove,HOU,0,9,9.1,4,1,9,4,1.06,1.29,4.1,999
587,Daysbel Hernández,ATL,0,28,29,15,3,30,16,1.05,1.43,4.57,999
588,Seth Martinez,BOS,0,11,11.2,6,2,10,5,1.18,1.32,4.46,999
589,Mike Vasil,CHW,0,10,13.2,6,2,11,5,1.06,1.3,4.25,999
590,Scott Effross,DET,0,13,14,7,2,10,4,1.07,1.36,4.67,999
591,Yovanny Cruz,NYY,0,12,12.2,6,2,13,5,1.18,1.29,4.21,999
592,Andry Lara,WSN,0,17,25.1,13,3,20,10,1.16,1.37,4.61,999
593,Rico Garcia,BAL,0,47,50.2,26,9,53,22,1.52,1.34,4.67,999
594,AJ Smith-Shawver,ATL,0,7,8.2,4,1,9,4,1.28,1.3,4.42,999
595,Seth Johnson,PHI,0,15,17.2,9,2,17,8,1.19,1.38,4.56,999
596,Michael Darrell-Hicks,PIT,0,7,8,4,1,7,3,1.05,1.36,4.58,999
597,Trevor Stephan,CLE,0,14,15,8,2,15,6,1.27,1.38,4.92,999
598,Ryne Stanek,STL,0,57,56,29,8,52,26,1.25,1.37,4.67,745.9
599,Lou Trivino,PHI,0,19,19.2,10,3,17,8,1.15,1.39,4.71,999
600,Nick Burdi,,0,8,7.2,4,1,8,4,1.19,1.35,4.38,999
601,Joe La Sorsa,PIT,0,7,7.2,4,1,5,2,1.04,1.27,4.15,999
602,Carson Spiers,CIN,1,1,6.1,4,1,5,2,1.62,1.43,5.38,999
603,Chayce McDermott,LAD,1,9,12.2,7,2,13,7,1.28,1.44,4.67,999
604,Joel Kuhnel,ATH,0,10,11,6,1,8,3,1.19,1.35,4.71,999
605,Jeff Criswell,COL,0,9,9.2,5,1,10,4,1.38,1.4,4.93,999
606,Isaiah Campbell,ARI,0,15,17.2,9,2,13,6,1.06,1.38,4.72,999
607,Daniel Lynch IV,KCR,0,48,55.2,29,7,42,21,1.15,1.37,4.62,999
608,Yilber Díaz,ARI,0,17,21,11,3,22,12,1.11,1.45,4.65,999
609,Marco Gonzales,SDP,1,1,6.1,4,1,4,2,1.57,1.41,5.22,999
610,Bradley Blalock,MIA,1,13,16.1,9,2,12,7,1.22,1.44,4.91,999
611,Lake Bachar,MIA,0,46,50.1,27,8,53,24,1.42,1.39,4.76,999
612,Carlos Hernández,CLE,0,14,14.1,8,2,13,6,1.26,1.37,4.74,999
613,Drew Pomeranz,LAA,0,55,55,29,9,59,24,1.44,1.37,4.71,735.6
614,Carson Palmquist,COL,1,17,24,13,4,24,12,1.33,1.46,5.03,999
615,JT Brubaker,SFG,0,47,55,31,8,47,20,1.29,1.45,5.07,999
616,Blas Castaño,COL,0,8,9.2,5,1,8,4,1.1,1.36,4.52,999
617,Luis Mey,CIN,0,29,29.2,15,3,29,17,0.93,1.47,4.43,999
618,Logan Gillaspie,SDP,0,14,16.2,9,2,14,6,1.31,1.36,4.81,999
619,Cole Irvin,LAD,2,2,9,6,2,6,3,1.71,1.45,5.67,999
620,Tayler Saucedo,LAA,0,22,22,11,3,19,9,1.05,1.41,4.54,999
621,Lyon Richardson,CIN,0,18,22.1,12,3,20,11,1.02,1.47,4.73,999
622,Angel Perdomo,,0,11,11,5,1,14,7,1.2,1.42,4.45,999
623,Connor Seabold,DET,0,17,19.1,11,3,16,7,1.42,1.35,4.94,999
624,Orlando Ribalta,WSN,0,39,40.2,21,6,38,20,1.27,1.38,4.64,999
625,Enyel De Los Santos,HOU,0,54,56,30,9,52,21,1.43,1.33,4.82,999
626,Brennan Bernardino,COL,0,56,55.1,32,7,47,23,1.15,1.51,5.21,999
627,Tyler Gilbert,CHW,0,34,36.2,19,6,33,14,1.36,1.35,4.76,999
628,Bryan Hoeing,SDP,0,6,7,4,1,6,2,1.12,1.36,4.57,999
629,Tucker Davidson,PHI,0,6,6,3,1,5,2,1.02,1.4,4.53,999
630,Jake Eder,LAD,0,15,17.1,9,2,16,8,1.12,1.4,4.66,999
631,Brock Stewart,LAD,0,30,30.1,17,5,34,13,1.56,1.39,5.01,999
632,Guillo Zuñiga,NYM,0,6,6,3,1,6,2,1.35,1.31,4.56,999
633,Eli Morgan,KCR,0,24,26.1,15,4,23,8,1.53,1.32,4.96,999
634,Jose Franco,CIN,0,13,13,7,2,13,6,1.51,1.36,4.73,999
635,Jorge Alcala,TOR,0,18,18.2,10,3,19,7,1.57,1.29,4.66,999
636,Chris Devenski,PIT,0,13,14.1,8,2,12,5,1.46,1.35,5.11,999
637,Vince Velasquez,CHC,0,6,6,3,1,6,3,1.36,1.38,4.79,999
638,Christian Roa,CHC,0,26,28.1,14,4,30,16,1.19,1.41,4.51,999
639,Mark Leiter Jr.,ATH,0,61,61,33,10,64,23,1.55,1.35,4.89,728
640,Dylan Ray,ARI,0,3,11.1,6,2,10,5,1.34,1.38,4.81,999
641,Zach Brzykcy,MIA,0,8,8,4,1,8,4,1.28,1.39,4.7,999
642,Shinnosuke Ogasawara,WSN,0,6,7,4,1,6,3,1.17,1.4,4.76,999
643,Roddery Muñoz,HOU,1,40,48,25,8,50,23,1.43,1.37,4.71,999
644,Génesis Cabrera,KCR,0,19,20,10,3,17,8,1.31,1.33,4.55,999
645,Derek Law,ARI,0,18,18.2,11,2,14,7,1.11,1.49,5.17,999
646,Collin Snider,CHC,0,10,10.1,6,1,9,4,1.21,1.43,4.93,999
647,Ty Adcock,SDP,0,20,21.2,11,4,20,8,1.48,1.28,4.47,999
648,Julian Merryweather,MIN,0,11,11.2,7,2,11,5,1.3,1.47,5.22,999
649,Kolby Allard,CLE,0,20,24.1,13,4,20,8,1.34,1.36,4.79,999
650,Tyson Miller,,0,6,6.1,3,1,5,3,1.41,1.36,4.86,999
651,Scott Blewett,STL,0,17,20,11,3,16,8,1.25,1.43,5.08,999
652,Josh Fleming,TOR,0,6,10,5,1,6,3,0.97,1.37,4.31,999
653,Luis Guerrero,TBR,0,18,20.1,10,3,19,10,1.19,1.37,4.47,999
654,Nick Sandlin,DET,0,31,30.2,15,5,30,14,1.35,1.32,4.46,999
655,Jairo Iriarte,CHW,0,12,12.2,6,2,12,6,1.22,1.4,4.67,999
656,Corbin Martin,CHC,0,9,9.1,5,1,9,5,1.2,1.46,4.88,999
657,Randy Dobnak,SEA,0,8,11.1,6,1,9,5,1.02,1.46,4.76,999
658,Josh Staumont,CIN,0,10,10,5,1,9,5,1.24,1.44,4.91,999
659,Kevin Herget,NYM,0,3,5.1,3,1,5,2,1.7,1.39,5.31,999
660,Kaleb Ort,LAA,0,36,37,20,6,36,17,1.43,1.39,4.88,999
661,Tyler Zuber,MIA,0,16,20,11,3,20,10,1.32,1.45,4.94,999
662,Zach Agnos,COL,0,53,56,30,8,44,19,1.33,1.36,4.84,743.5
663,Jayvien Sandridge,BAL,0,17,17.2,9,2,21,11,1.15,1.47,4.49,999
664,Valente Bellozo,COL,0,12,15,8,2,10,5,1.45,1.36,5.05,999
665,Michael Kopech,,0,30,31.2,16,4,34,19,1.2,1.42,4.6,999
666,Tanner Rainey,DET,0,11,11.1,6,2,11,6,1.38,1.38,4.72,999
667,T.J. McFarland,,0,26,21.1,11,2,14,8,0.99,1.44,4.72,999
668,Rafael Montero,NYY,0,31,31.1,16,4,28,14,1.16,1.38,4.64,999
669,Kirby Yates,LAA,0,56,56,29,9,64,28,1.43,1.35,4.63,269.4
670,Kyle Keller,BOS,0,16,16.1,9,3,17,8,1.48,1.42,4.95,999
671,Yunior Marte,CIN,0,7,7.2,4,1,6,3,1.32,1.47,5.23,999
672,Triston McKenzie,SDP,0,8,9,5,2,9,4,1.57,1.31,4.59,999
673,Luke Jackson,KCR,0,31,32.2,17,4,27,15,1.05,1.47,4.81,999
674,Shaun Anderson,LAA,0,12,14.1,9,2,11,5,1.49,1.46,5.43,999
675,Victor Mederos,ATL,1,19,23.2,13,3,20,12,1.3,1.46,5.08,999
676,Joey Lucchesi,LAA,0,20,23,12,3,19,10,1.21,1.39,4.6,999
677,Kyle Nicolas,CIN,0,34,36.2,20,5,37,19,1.32,1.45,4.92,999
678,Michael Tonkin,MIN,0,23,27.1,15,5,26,10,1.52,1.37,5.03,999
679,Ryder Ryan,LAD,0,7,7.2,5,1,6,3,1.36,1.44,5.17,999
680,Matt Bowman,,0,19,20.1,12,3,16,8,1.24,1.45,5.17,999
681,Jorge López,,0,25,25.2,14,4,21,10,1.24,1.42,4.93,999
682,Miguel Castro,,0,17,18,10,2,15,8,1.2,1.41,4.88,999
683,Tejay Antone,CIN,0,13,13.2,8,2,12,6,1.37,1.53,5.4,999
684,Brandon Waddell,NYM,0,8,16,9,2,13,8,1.14,1.48,5,999
685,Michael Petersen,MIA,0,27,29.1,16,4,29,16,1.27,1.47,5,999
686,Keegan Thompson,COL,0,39,43.1,25,6,43,20,1.33,1.47,5.1,999
687,Joe Ross,TEX,0,19,22,13,3,16,8,1.25,1.48,5.32,999
688,Casey Lawrence,SEA,1,2,7.2,5,2,4,2,2.06,1.51,6.37,999
689,Thomas Hatch,ARI,0,4,10.2,7,2,8,4,1.45,1.53,5.66,999
690,Kendall Graveman,,0,25,25.1,14,3,21,12,1.18,1.48,5.06,999
691,Jesse Scholtens,TBR,0,23,30.2,18,5,27,12,1.53,1.47,5.42,999
692,Hunter Strickland,,0,24,25.2,14,4,21,11,1.38,1.4,5.06,999
693,Tomoyuki Sugano,COL,20,20,114.2,79,23,67,33,1.84,1.52,6.2,999
694,Cam Sanders,PIT,0,31,33.2,18,4,34,22,1.14,1.5,4.77,999
695,Steven Wilson,TBR,0,43,43.1,24,8,42,19,1.67,1.33,4.91,999
696,Albert Suárez,BAL,0,18,21.1,13,4,18,9,1.48,1.51,5.57,999
697,Lucas Sims,CHW,0,27,26.1,14,4,27,16,1.28,1.45,4.88,999
698,Luis Peralta,CHC,0,26,26,15,3,25,15,1.19,1.58,5.32,999
699,Tyler Ferguson,CHC,0,41,43.2,24,6,44,24,1.25,1.47,5,999
700,Dietrich Enns,BAL,0,50,59.1,33,9,58,28,1.43,1.44,5.01,999
701,Tommy Kahnle,BOS,0,41,40.1,21,5,32,18,1.21,1.42,4.64,748.5
702,Jackson Kowar,BAL,0,24,26,16,4,24,14,1.4,1.53,5.39,999
703,Scott McGough,,0,23,26,16,5,24,12,1.6,1.48,5.4,999
704,Nick Anderson,ATH,0,33,34.1,20,7,31,12,1.78,1.39,5.3,999
705,Dan Altavilla,MIN,0,37,38,22,6,32,20,1.3,1.5,5.31,999
706,Tyron Guerrero,BOS,0,23,23.2,18,5,19,16,1.75,1.77,6.8,999
707,Michael Kelly,ATH,0,56,58.2,37,11,48,27,1.66,1.52,5.75,999